-- phpMyAdmin SQL Dump
-- version 2.11.11.3
-- http://www.phpmyadmin.net
--
-- Host: 68.178.139.185
-- Generation Time: Oct 22, 2013 at 08:22 PM
-- Server version: 5.0.96
-- PHP Version: 5.1.6

SET SQL_MODE="NO_AUTO_VALUE_ON_ZERO";

--
-- Database: `mobiticketz`
--

-- --------------------------------------------------------

--
-- Table structure for table `apps`
--

CREATE TABLE `apps` (
  `AppId` varchar(100) NOT NULL,
  `AppName` varchar(200) NOT NULL,
  `AppDate` datetime NOT NULL,
  `AppStatus` varchar(45) NOT NULL,
  `AppKey` varchar(100) NOT NULL,
  `DevId` int(10) unsigned NOT NULL,
  PRIMARY KEY  (`AppId`)
) ENGINE=InnoDB DEFAULT CHARSET=latin1 COMMENT='lists the apps of developers';

--
-- Dumping data for table `apps`
--


-- --------------------------------------------------------

--
-- Table structure for table `appusers`
--

CREATE TABLE `appusers` (
  `EmailAddress` varchar(100) NOT NULL,
  `Password` varchar(100) NOT NULL,
  `ContactNo` varchar(45) NOT NULL,
  `Address` varchar(100) NOT NULL,
  `Status` varchar(45) NOT NULL,
  `DateReg` datetime NOT NULL,
  PRIMARY KEY  (`EmailAddress`)
) ENGINE=InnoDB DEFAULT CHARSET=latin1 COMMENT='stores the app users available';

--
-- Dumping data for table `appusers`
--


-- --------------------------------------------------------

--
-- Table structure for table `batches`
--

CREATE TABLE `batches` (
  `id` int(11) NOT NULL auto_increment,
  `batch_name` varchar(255) default NULL,
  `batch_event_id` int(11) default NULL,
  `batch_allow_download` enum('0','1') default '0',
  `batch_create_date` timestamp NULL default NULL,
  `ticket_cost` float default NULL,
  `rrn` int(11) default NULL,
  `batch_ticket_number` int(11) default NULL,
  `batch_last_update_dt` timestamp NULL default NULL on update CURRENT_TIMESTAMP,
  `site_id` int(11) default NULL,
  `batch_verification_start` timestamp NULL default NULL,
  `batch_verification_end` timestamp NULL default NULL,
  `batch_status_tickets` enum('1','0','2','-1') default '-1' COMMENT '0--inprogress,1--done,-1--disabled,2--enabled',
  `batch_status_email` enum('-1','1','2','0') default '-1' COMMENT '0--inprogress,1--done,-1--disabled,2--enabled',
  `batch_category` int(11) default NULL,
  `medium_del` enum('both','text','email') default 'email',
  `ticketype` int(11) default NULL,
  `apy_ticket` enum('0','1') default NULL,
  PRIMARY KEY  (`id`),
  KEY `batch_event` (`batch_event_id`),
  KEY `batch_category_fk` (`batch_category`),
  KEY `ticket_type` (`ticketype`)
) ENGINE=InnoDB  DEFAULT CHARSET=latin1 AUTO_INCREMENT=33 ;

--
-- Dumping data for table `batches`
--

INSERT INTO `batches` VALUES(28, 'Fresh Tester', 18, '1', NULL, NULL, NULL, 5, '2013-02-27 22:00:27', 1, NULL, NULL, '1', '2', 1, '', 1, NULL);
INSERT INTO `batches` VALUES(29, 'primary', 18, '0', NULL, NULL, NULL, 2, '2013-02-27 22:02:34', 1, NULL, NULL, '-1', '0', 2, 'text', 3, NULL);
INSERT INTO `batches` VALUES(32, 'ftester', 18, '1', NULL, NULL, NULL, 20, NULL, 1, NULL, NULL, '-1', '1', 1, 'both', 1, NULL);

-- --------------------------------------------------------

--
-- Table structure for table `categories`
--

CREATE TABLE `categories` (
  `id` int(11) NOT NULL auto_increment,
  `short_name` varchar(255) default NULL,
  `long_name` varchar(255) default NULL,
  `inst_id` int(255) default NULL,
  PRIMARY KEY  (`id`)
) ENGINE=InnoDB  DEFAULT CHARSET=latin1 AUTO_INCREMENT=6 ;

--
-- Dumping data for table `categories`
--

INSERT INTO `categories` VALUES(1, 'VIP', 'VERY IMPORTANT PERSON', 1);
INSERT INTO `categories` VALUES(2, 'HUSTLER', 'SCHOOL OF HK', 1);
INSERT INTO `categories` VALUES(3, 'WKIN', 'WALK IN', 1);
INSERT INTO `categories` VALUES(4, 'EPR', 'Eprocess', NULL);
INSERT INTO `categories` VALUES(5, 'EPGHANA', 'EPROCESS', 1);

-- --------------------------------------------------------

--
-- Table structure for table `developers`
--

CREATE TABLE `developers` (
  `Id` int(10) unsigned NOT NULL auto_increment,
  `Name` varchar(200) NOT NULL,
  `EmailAddress` varchar(100) NOT NULL,
  `Password` varchar(100) NOT NULL,
  `Status` varchar(100) NOT NULL,
  `RegDate` datetime NOT NULL,
  PRIMARY KEY  (`Id`)
) ENGINE=InnoDB DEFAULT CHARSET=latin1 COMMENT='stores all developers on our system' AUTO_INCREMENT=1 ;

--
-- Dumping data for table `developers`
--


-- --------------------------------------------------------

--
-- Table structure for table `events`
--

CREATE TABLE `events` (
  `id` int(11) NOT NULL auto_increment,
  `event_name` varchar(255) default NULL,
  `event_start` timestamp NULL default NULL,
  `event_end` timestamp NULL default NULL on update CURRENT_TIMESTAMP,
  `event_location` varchar(255) default NULL,
  `retrieval_reference_number` int(11) default NULL,
  `site_id` int(11) default NULL,
  `event_banner` mediumblob,
  `event_type` varchar(100) NOT NULL,
  `event_description` varchar(30) NOT NULL,
  PRIMARY KEY  (`id`)
) ENGINE=InnoDB  DEFAULT CHARSET=latin1 AUTO_INCREMENT=23 ;

--
-- Dumping data for table `events`
--

INSERT INTO `events` VALUES(10, 'Buster', '2013-10-20 16:32:02', '2013-10-20 16:32:02', 'Free', NULL, NULL, 0x6956424f5277304b47676f414141414e5355684555674141414663414141425841514d414141424c426b737641414141426c424d5645582f2f2f38414141425677744e2b4141414171556c4520515651346a633353735133454941774655434d583179554c6e4a513136466a707367457345466169593431494c4a4569756e3857643563307762527839526f7338323269753955495242526720565477514c375a345575334b516879336a695036396c51366c6f615a6a786b754c66504c624d64664c69316c2f6d68355441695a35752f6270702b436c394e737741474d5249724a376e4f61206f75726877646a6761382b57617851645377376537695a70726e6d757332375a58656133367a6a6b3165534f7666766c304c5463473033496d75742b45633564582f6865395146717a686843206f48736f445141414141424a52553545726b4a6767673d3d, 'Movie', 'This is a test of the event de');
INSERT INTO `events` VALUES(11, 'Ghost Buster Movie', '2013-09-17 18:50:18', '2013-09-17 18:52:22', 'Accra Mall', NULL, NULL, 0x6956424f5277304b47676f414141414e5355684555674141414663414141425841514d414141424c426b737641414141426c424d5645582f2f2f38414141425677744e2b4141414171556c4520515651346a633353735133454941774655434d583179554c6e4a513136466a707367457345466169593431494c4a4569756e3857643563307762527839526f7338323269753955495242526720565477514c375a345575334b516879336a695036396c51366c6f615a6a786b754c66504c624d64664c69316c2f6d68355441695a35752f6270702b436c394e737741474d5249724a376e4f61206f75726877646a6761382b57617851645377376537695a70726e6d757332375a58656133367a6a6b3165534f7666766c304c5463473033496d75742b45633564582f6865395146717a686843206f48736f445141414141424a52553545726b4a6767673d3d, 'Movie', '');
INSERT INTO `events` VALUES(12, 'mp movie', '2013-09-17 18:50:18', '2013-09-17 18:52:22', 'moving pick', NULL, NULL, 0x6956424f5277304b47676f414141414e5355684555674141414663414141425841514d414141424c426b737641414141426c424d5645582f2f2f38414141425677744e2b4141414171556c4520515651346a633353735133454941774655434d583179554c6e4a513136466a707367457345466169593431494c4a4569756e3857643563307762527839526f7338323269753955495242526720565477514c375a345575334b516879336a695036396c51366c6f615a6a786b754c66504c624d64664c69316c2f6d68355441695a35752f6270702b436c394e737741474d5249724a376e4f61206f75726877646a6761382b57617851645377376537695a70726e6d757332375a58656133367a6a6b3165534f7666766c304c5463473033496d75742b45633564582f6865395146717a686843206f48736f445141414141424a52553545726b4a6767673d3d, 'Sports', '');
INSERT INTO `events` VALUES(16, 'load', '2013-09-17 18:50:18', '2013-09-17 18:52:22', 'test', NULL, NULL, 0x6956424f5277304b47676f414141414e5355684555674141414663414141425841514d414141424c426b737641414141426c424d5645582f2f2f38414141425677744e2b4141414171556c4520515651346a633353735133454941774655434d583179554c6e4a513136466a707367457345466169593431494c4a4569756e3857643563307762527839526f7338323269753955495242526720565477514c375a345575334b516879336a695036396c51366c6f615a6a786b754c66504c624d64664c69316c2f6d68355441695a35752f6270702b436c394e737741474d5249724a376e4f61206f75726877646a6761382b57617851645377376537695a70726e6d757332375a58656133367a6a6b3165534f7666766c304c5463473033496d75742b45633564582f6865395146717a686843206f48736f445141414141424a52553545726b4a6767673d3d, 'Sports', '');
INSERT INTO `events` VALUES(17, 'further ', '2013-09-17 18:50:18', '2013-09-17 18:52:22', 'testing', NULL, NULL, 0x6956424f5277304b47676f414141414e5355684555674141414663414141425841514d414141424c426b737641414141426c424d5645582f2f2f38414141425677744e2b4141414171556c4520515651346a633353735133454941774655434d583179554c6e4a513136466a707367457345466169593431494c4a4569756e3857643563307762527839526f7338323269753955495242526720565477514c375a345575334b516879336a695036396c51366c6f615a6a786b754c66504c624d64664c69316c2f6d68355441695a35752f6270702b436c394e737741474d5249724a376e4f61206f75726877646a6761382b57617851645377376537695a70726e6d757332375a58656133367a6a6b3165534f7666766c304c5463473033496d75742b45633564582f6865395146717a686843206f48736f445141414141424a52553545726b4a6767673d3d, 'Movie', '');
INSERT INTO `events` VALUES(18, 'newEventTester', '2013-09-17 18:50:18', '2013-09-17 18:52:22', 'Montee Carloo', NULL, 1, 0x6956424f5277304b47676f414141414e5355684555674141414663414141425841514d414141424c426b737641414141426c424d5645582f2f2f38414141425677744e2b4141414171556c4520515651346a633353735133454941774655434d583179554c6e4a513136466a707367457345466169593431494c4a4569756e3857643563307762527839526f7338323269753955495242526720565477514c375a345575334b516879336a695036396c51366c6f615a6a786b754c66504c624d64664c69316c2f6d68355441695a35752f6270702b436c394e737741474d5249724a376e4f61206f75726877646a6761382b57617851645377376537695a70726e6d757332375a58656133367a6a6b3165534f7666766c304c5463473033496d75742b45633564582f6865395146717a686843206f48736f445141414141424a52553545726b4a6767673d3d, 'Sports', '');
INSERT INTO `events` VALUES(19, 'Final', '2013-09-17 18:50:18', '2013-09-17 18:52:22', 'asdf', NULL, 1, 0x6956424f5277304b47676f414141414e5355684555674141414663414141425841514d414141424c426b737641414141426c424d5645582f2f2f38414141425677744e2b4141414171556c4520515651346a633353735133454941774655434d583179554c6e4a513136466a707367457345466169593431494c4a4569756e3857643563307762527839526f7338323269753955495242526720565477514c375a345575334b516879336a695036396c51366c6f615a6a786b754c66504c624d64664c69316c2f6d68355441695a35752f6270702b436c394e737741474d5249724a376e4f61206f75726877646a6761382b57617851645377376537695a70726e6d757332375a58656133367a6a6b3165534f7666766c304c5463473033496d75742b45633564582f6865395146717a686843206f48736f445141414141424a52553545726b4a6767673d3d, 'Sports', '');
INSERT INTO `events` VALUES(20, 'Fresh', '2013-09-17 18:50:18', '2013-09-17 18:52:22', 'asdf', NULL, 1, 0x6956424f5277304b47676f414141414e5355684555674141414663414141425841514d414141424c426b737641414141426c424d5645582f2f2f38414141425677744e2b4141414171556c4520515651346a633353735133454941774655434d583179554c6e4a513136466a707367457345466169593431494c4a4569756e3857643563307762527839526f7338323269753955495242526720565477514c375a345575334b516879336a695036396c51366c6f615a6a786b754c66504c624d64664c69316c2f6d68355441695a35752f6270702b436c394e737741474d5249724a376e4f61206f75726877646a6761382b57617851645377376537695a70726e6d757332375a58656133367a6a6b3165534f7666766c304c5463473033496d75742b45633564582f6865395146717a686843206f48736f445141414141424a52553545726b4a6767673d3d, 'Sports', '');
INSERT INTO `events` VALUES(21, 'smoothy club f', '2013-09-17 18:50:18', '2013-09-17 18:52:22', 'smmoohties osu', NULL, 1, 0x6956424f5277304b47676f414141414e5355684555674141414663414141425841514d414141424c426b737641414141426c424d5645582f2f2f38414141425677744e2b4141414171556c4520515651346a633353735133454941774655434d583179554c6e4a513136466a707367457345466169593431494c4a4569756e3857643563307762527839526f7338323269753955495242526720565477514c375a345575334b516879336a695036396c51366c6f615a6a786b754c66504c624d64664c69316c2f6d68355441695a35752f6270702b436c394e737741474d5249724a376e4f61206f75726877646a6761382b57617851645377376537695a70726e6d757332375a58656133367a6a6b3165534f7666766c304c5463473033496d75742b45633564582f6865395146717a686843206f48736f445141414141424a52553545726b4a6767673d3d, 'Sports', '');
INSERT INTO `events` VALUES(22, 'test', '2013-09-17 18:50:18', '2013-09-17 18:52:22', 'AICC', NULL, 1, NULL, '', '');

-- --------------------------------------------------------

--
-- Table structure for table `eventtypes`
--

CREATE TABLE `eventtypes` (
  `Id` int(10) unsigned NOT NULL auto_increment,
  `EventType` varchar(100) NOT NULL,
  `Logo` longblob NOT NULL,
  PRIMARY KEY  (`Id`)
) ENGINE=InnoDB DEFAULT CHARSET=latin1 COMMENT='list the event types available' AUTO_INCREMENT=1 ;

--
-- Dumping data for table `eventtypes`
--


-- --------------------------------------------------------

--
-- Table structure for table `favourites`
--

CREATE TABLE `favourites` (
  `Id` int(10) unsigned NOT NULL auto_increment,
  `ItemId` int(10) unsigned NOT NULL,
  `UserId` varchar(100) NOT NULL,
  `Type` varchar(100) NOT NULL,
  PRIMARY KEY  (`Id`)
) ENGINE=InnoDB DEFAULT CHARSET=latin1 COMMENT='favourites of app users' AUTO_INCREMENT=1 ;

--
-- Dumping data for table `favourites`
--


-- --------------------------------------------------------

--
-- Table structure for table `institutions`
--

CREATE TABLE `institutions` (
  `id` int(11) NOT NULL auto_increment,
  `inst_short_name` varchar(255) default NULL,
  `inst_long_name` varchar(255) default NULL,
  `inst_lock` enum('1','0') default '0',
  `email` varchar(255) default NULL,
  `phone` varchar(255) default NULL,
  `fax` varchar(255) default NULL,
  `city` varchar(255) default NULL,
  `description` varchar(255) default NULL,
  `address` varchar(255) default NULL,
  `image_cus_site` longblob,
  PRIMARY KEY  (`id`)
) ENGINE=InnoDB  DEFAULT CHARSET=latin1 AUTO_INCREMENT=10 ;

--
-- Dumping data for table `institutions`
--

INSERT INTO `institutions` VALUES(1, 'Local-First', 'Localhost -First Guinea Pig', '1', 'fasdf@hay.com', '98707', '0245707630', 'fracni', 'fuck this shit', 'jjj', NULL);
INSERT INTO `institutions` VALUES(2, 'SilverBird', 'Silverbird Worldwide Inc', '0', NULL, NULL, NULL, NULL, NULL, NULL, NULL);
INSERT INTO `institutions` VALUES(3, 'EP', 'Eprcoess', '0', 'naywer@as.com', '9898', '990967', 'asdf', 'asdfsadf', NULL, NULL);
INSERT INTO `institutions` VALUES(4, 'Defalut', 'adsf', '0', 'nay@a.com', 'asdf', '908098', 'asdf', 'adfasfasfd', 'adsfdsa', NULL);
INSERT INTO `institutions` VALUES(5, 'Defalut2', 'adsf', '0', 'nay@a.com', 'asdf', '908098', 'asdf', 'adfasfasfd', 'adsfdsa', NULL);
INSERT INTO `institutions` VALUES(6, 'TESTS', 'TESTOLD', '0', '1380', 'TEST', '32332', 'TESTE', 'ASDFSDD', 'ASDFDS', NULL);
INSERT INTO `institutions` VALUES(7, 'TESTS7777', 'TESTNEW', '1', '1380', 'TEST', '32332', 'TESTE', 'ASDFSDD', 'ASDFDS', NULL);
INSERT INTO `institutions` VALUES(8, 'test', 'test', '0', 'aluta182004@gmail.com', '0242182591', '222', 'accra', 'box 5 accra', 'test', 0x2f396a2f34414151536b5a4a5267414241514141415141424141442f2f67413751314a4651565250556a6f675a325174616e426c5a7942324d5334774943683163326c755a79424a536b636720536c4246527942324e7a41704c4342786457467361585235494430674f54414b2f39734151774144416749444167494441774d4442414d4442415549425155454241554b427763474341774b204441774c4367734c445134534541304f4551344c437841574542455446425556465177504678675746426753464255552f39734151774544424151464241554a4251554a4641304c4452515520464251554642515546425155464251554642515546425155464251554642515546425155464251554642515546425155464251554642515546425155464251552f384141455167414d67417920417745694141495241514d5241662f454142384141414546415145424151454241414141414141414141414241674d454251594843416b4b432f2f45414c55514141494241774d4342414d462042515145414141426651454341774145455155534954464242684e525951636963525179675a476843434e4373634556557448774a444e69636f494a4368595847426b614a53596e4b436b71204e4455324e7a67354f6b4e4552555a4853456c4b55315256566c64595756706a5a47566d5a326870616e4e3064585a3365486c3667345346686f6549695971536b3553566c7065596d5a7169206f36536c7071656f716171797337533174726534756272437738544678736649796372533039545631746659326472683475506b3565626e364f6e7138664c7a39505832392f6a352b762f45204142384241414d42415145424151454241514541414141414141414241674d454251594843416b4b432f2f45414c555241414942416751454177514842515145414145436477414241674d5220424155684d5159535156454859584554496a4b42434252436b61477877516b6a4d314c7746574a7930516f574a4454684a66455847426b614a69636f4b536f314e6a63344f54704452455647205230684a536c4e5556565a5857466c615932526c5a6d646f6157707a6448563264336835656f4b44684957476834694a69704b546c4a57576c35695a6d714b6a704b576d7036697071724b7a20744c57327437693575734c44784d584778386a4a79744c54314e585731396a5a32754c6a354f586d352b6a7036764c7a39505832392f6a352b762f61414177444151414345514d5241443841202f5458557457736445732f74576f58747659576f49557a335571786f435467446378417954554358656e613361792f5a7271327649385a4c5738717959342f3253666576684c39726634345320616634777637652b4e793172444b31725a43486138556167344a4234356661474a775479426b6856783470344f2f61513166777072567463574f7065525043353244634356366a6f777765702042423635493656364546443755724d2b6635616c72786a6448364c36356f506c7a506851564f635a484a4e637863614f30546268467a67384833474b39462b483276577678563841365234722073306a6a6831474c7a664b6a6470504b5945724a486c6b5573566457584f3342786b63594e576237773935546a354344376436356662585a337a67347831504c4e41734c6d7a3853586d725020416c78427030437044626d6242615578544f796e73684f4975657079446a474b39442b48674e70345a75476e6d626d5a336b754a47352b3475574a3965707a584e7645706838514b3175384c2074724f465351453768466251786c676359414a47636535786e6d756b3847754830712f696b6d2b7a5252455365614743374f4364784a34774e6f363864633547613632314b6d31354869754c20636e4a64575a456b3268423242384d362f636e4a7a4f4e4d6d784a2f74647576586f506f4b4b3476554e65304b652f755a427250694e5138724d42627952694d5a4a2b376b5a322b6d6563552056385248465965792f64792f3841582f414d6b66574c4a63633076396e6c2f354e2f6d6643767871764e44756457687539537462796130302b55695343315a6d74304734684238787a2f3439206b68526b6b313445326f2f3274726331326a4950506d4c6c57554447546e6a303631364e38595046476e58562f637a574574303168634b7774704c61554247426b6237323541784255446a352065696b6a303875384a6930757645326d513667303636644a645269356133414d6f693344655542344c6263347a786d76704a54664c7a49776f7753535032572f5a75316e5466412f774e2b4720756b4b7572616f6453736f37694f3573394a754a6f596d754a53355753534e47534d493070557378417775376756374a714678444338652f416373414f6e6669766a4c346166745a614a7164202f6f506748546f726a52397353366670784d307345416a534c39314469516c764e47315963426d4479446734494a354c346f66745051506558326c527a3679737472656d3275515747325246206b32794247336b44494278755667656858424f4f614d70543269302b76396667615655755632647a37453856756c775a70684968565a664b51704b58553754383256364b32347370786b2f4b204d6e734f617362756553573473375a586e4d3066797870414a564c6831436c77526a62686d424a34476339514b38343044347748787a344430765770702f4e754c714d4e4d776a4d5938304d20566b777659627731643338496645733137716c356251784a4a484a474a484c75515643746a4977446e372f546a3669752b4d585567344e32504b686949344f7371317232765a507630667933202f7741696c42384272745959773937417242514373636a68516364734b4f5077464665786c2b614b7059536d752f384158794e33784c6a372f4576752f7744746a2b662b2f6c6437654f4f51204f72786a6156626a42394d6668576834557358524c72564a55593239704764724665504d4f4176586a494c4b634849506f6139422b5066684b57782b4b383168623663713356393559697372204f4c2f6c71783237565566654a49366a37784a72532b4d48674f48346561396f2f6732457761686457746d6b31307967706775474b7177444d364568697a49517047346473563835557879712055365369745a7137386b742f78305871656e52555a61742f38457132666a434c5276446c6f424a4663796d366a5361786c32737a7771685a515151666c42355546635a4f534458302f6f48782074316678707044365a71757358576f54365663776b2f61627153594d385a56344c6864784f47444b47446665444a6e6739506972532f456132757058312b68534270625a34764b504371414620326766676f48727837313248773938595332506a617874306542624b61322b7a5951425230334b54676b46695639543934393831343954445649637a6864573133667131703232763150515620534e745666376a3333786a346d6c38506542745467306c7a7069576c704c4a627832763774496d436c675655636465656e6576522f44486a49334d436c6d79306b595959363831383465505020456a793648726473495a7a2f414b4b366d54614370334965687a32357a394b37627746346c61397337646c6a6c6a564931486d53446172355850793979426e726a42374531377555562b614420752b756d2f59386e4e3844586848326b71646b6c6437624e704c72316653312f4c523239636b3852534c49774448414a78306f72676e3164743763723139614b2b703535487850732f5038412072376a7769396a5344347257516955526932385679527742426a796b5677565666376f423641644b347234313345747a385a7648306b3072797944577278417a735351717a75716a4a37414120414473414252525877655836316c2f672f7744626b6664665952774630534636396d2f705857654535586b315452697a737857376a436b6e4f426c4f425252587656463768533350572f476220482b77645235502f414237792f77446f4a72662b485473644630664c452f364b76663841325252525765556677352f49387a4d756e2b4c39546f3557496c666b2f654e46464666585258756f202b4e6b2f655a2f2f32513d3d);
INSERT INTO `institutions` VALUES(9, 'test', 'test', '0', 'aluta182004@gmail.com', '0242182591', '222', 'accra', 'box 5 accra', 'test', 0x2f396a2f34414151536b5a4a5267414241514141415141424141442f2f67413751314a4651565250556a6f675a325174616e426c5a7942324d5334774943683163326c755a79424a536b63670d0a536c4246527942324e7a41704c4342786457467361585235494430674f54414b2f39734151774144416749444167494441774d4442414d4442415549425155454241554b427763474341774b0d0a4441774c4367734c445134534541304f4551344c437841574542455446425556465177504678675746426753464255552f39734151774544424151464241554a4251554a4641304c445251550d0a464251554642515546425155464251554642515546425155464251554642515546425155464251554642515546425155464251554642515546425155464251552f384141455167414d6741790d0a417745694141495241514d5241662f454142384141414546415145424151454241414141414141414141414241674d454251594843416b4b432f2f45414c55514141494241774d4342414d460d0a42515145414141426651454341774145455155534954464242684e525951636963525179675a476843434e4373634556557448774a444e69636f494a4368595847426b614a53596e4b436b710d0a4e4455324e7a67354f6b4e4552555a4853456c4b55315256566c64595756706a5a47566d5a326870616e4e3064585a3365486c3667345346686f6549695971536b3553566c7065596d5a71690d0a6f36536c7071656f716171797337533174726534756272437738544678736649796372533039545631746659326472683475506b3565626e364f6e7138664c7a39505832392f6a352b762f450d0a4142384241414d42415145424151454241514541414141414141414241674d454251594843416b4b432f2f45414c555241414942416751454177514842515145414145436477414241674d520d0a424155684d5159535156454859584554496a4b42434252436b61477877516b6a4d314c7746574a7930516f574a4454684a66455847426b614a69636f4b536f314e6a63344f547044524556470d0a5230684a536c4e5556565a5857466c615932526c5a6d646f6157707a6448563264336835656f4b44684957476834694a69704b546c4a57576c35695a6d714b6a704b576d7036697071724b7a0d0a744c57327437693575734c44784d584778386a4a79744c54314e585731396a5a32754c6a354f586d352b6a7036764c7a39505832392f6a352b762f61414177444151414345514d52414438410d0a2f5458557457736445732f74576f58747659576f49557a335571786f435467446378417954554358656e613361792f5a7271327649385a4c5738717959342f3253666576684c3972663434530d0a616634777637652b4e793172444b31725a43486138556167344a4234356661474a775479426b6856783470344f2f61513166777072567463574f7065525043353244634356366a6f777765700d0a42423635493656364546443755724d2b6635616c72786a6448364c36356f506c7a506851564f635a484a4e637863614f30546268467a67384833474b39462b483276577678563841365234720d0a73306a6a6831474c7a664b6a6470504b5945724a486c6b5573566457584f3342786b63594e576237773935546a354344376436356662585a337a67347831504c4e41734c6d7a3853586d72500d0a416c78427030437044626d6242615578544f796e73684f4975657079446a474b39442b48674e70345a75476e6d626d5a336b754a47352b3475574a3965707a584e7645706838514b3175384c0d0a74724f465351453768466251786c676359414a47636535786e6d756b3847754830712f696b6d2b7a5252455365614743374f4364784a34774e6f363864633547613632314b6d31354869754c0d0a636e4a64575a456b3268423242384d362f636e4a7a4f4e4d6d784a2f74647576586f506f4b4b3476554e65304b652f755a427250694e5138724d42627952694d5a4a2b376b5a322b6d6563550d0a56385248465965792f64792f3841582f414d6b66574c4a63633076396e6c2f354e2f6d6643767871764e44756457687539537462796130302b55695343315a6d74304734684238787a2f34390d0a6b68526b6b313445326f2f3274726331326a4950506d4c6c57554447546e6a303631364e38595046476e58562f637a574574303168634b7774704c61554247426b6237323541784255446a350d0a65696b6a303875384a6930757645326d513667303636644a645269356133414d6f693344655542344c6263347a786d76704a54664c7a49776f7753535032572f5a75316e5466412f774e2b470d0a756b4b7572616f6453736f37694f3573394a754a6f596d754a53355753534e47534d493070557378417775376756374a714678444338652f416373414f6e6669766a4c346166745a614a71640d0a2f6f506748546f726a52397353366670784d307345416a534c39314469516c764e47315963426d4479446734494a354c346f66745051506558326c527a3679737472656d32755157473252460d0a6b32794247336b44494278755667656858424f4f614d70543269302b76396667615655755632647a37453856756c775a70684968565a664b51704b58553754383256364b32347370786b2f4b0d0a4d6e734f617362756553573473375a586e4d3066797870414a564c6831436c77526a62686d424a34476339514b38343044347748787a344430765770702f4e754c714d4e4d776a4d5938304d0d0a566b777659627731643338496645733137716c356251784a4a484a474a484c75515643746a4977446e372f546a3669752b4d585567344e32504b686949344f7371317232765a5076306679330d0a2f7741696c42384272745959773937417242514373636a68516364734b4f5077464665786c2b614b7059536d752f384158794e33784c6a372f4576752f7744746a2b662b2f6c6437654f4f510d0a4f72786a6156626a42394d6668576834557358524c72564a55593239704764724665504d4f4176586a494c4b634849506f6139422b5066684b57782b4b3831686236637133563935596973720d0a4f4c2f6c71783237565566654a49366a37784a72532b4d48674f48346561396f2f6732457761686457746d6b31307967706775474b7177444d364568697a49517047346473563835557879710d0a55365369745a7137386b742f78305871656e52555a61742f38457132666a434c5276446c6f424a4663796d366a5361786c32737a7771685a515151666c42355546635a4f534458302f6f48780d0a74316678707044365a71757358576f54365663776b2f61627153594d385a56344c6864784f47444b47446665444a6e6739506972532f456132757058312b68534270625a34764b50437141460d0a326766676f48727837313248773938595332506a617874306542624b61322b7a5951425230334b54676b46695639543934393831343954445649637a686457313366713170323276315051560d0a534e745666376a3333786a346d6c38506542745467306c7a7069576c704c4a627832763774496d436c675655636465656e6576522f44486a49334d436c6d79306b59595936383138346550500d0a456a793648726473495a7a2f414b4b366d54614370334965687a32357a394b37627746346c61397337646c6a6c6a564931486d53446172355850793979426e726a42374531377555562b61440d0a752b756d2f59386e4e3844586848326b71646b6c6437624e704c72316653312f4c523239636b3852534c49774448414a78306f72676e3164743763723139614b2b703535487850732f5038410d0a72376a7769396a5344347257516955526932385679527742426a796b5677565666376f423641644b347234313345747a385a7648306b3072797944577278417a735351717a75716a4a3741410d0a414473414252525877655836316c2f672f7744626b6664665952774630534636396d2f705857654535586b315452697a737857376a436b6e4f426c4f425252587656463768533350572f47620d0a482b77645235502f414237792f77446f4a72662b485473644630664c452f364b76663841325252525765556677352f49387a4d756e2b4c39546f3557496c666b2f654e46464666585258756f0d0a2b4e6b2f655a2f2f32513d3d);

-- --------------------------------------------------------

--
-- Table structure for table `links`
--

CREATE TABLE `links` (
  `id` int(11) NOT NULL auto_increment,
  `link_controller` varchar(255) NOT NULL,
  `link_action` varchar(255) NOT NULL,
  `link_allow` enum('true','false') NOT NULL,
  `link_category` varchar(255) NOT NULL,
  `link_name` varchar(255) NOT NULL,
  `parameter` varchar(255) default NULL,
  PRIMARY KEY  (`id`)
) ENGINE=InnoDB  DEFAULT CHARSET=latin1 AUTO_INCREMENT=26 ;

--
-- Dumping data for table `links`
--

INSERT INTO `links` VALUES(9, 'Reception', 'view_events', 'true', 'Events', 'View Events', NULL);
INSERT INTO `links` VALUES(10, 'Reception', 'verify_tickets', 'true', 'Tracking', 'Verify Tickets', NULL);
INSERT INTO `links` VALUES(11, 'User', 'view_users', 'true', 'Staff', 'View Staff', NULL);
INSERT INTO `links` VALUES(12, 'Reception', 'view_batches', 'true', 'Events', 'View Batches', NULL);
INSERT INTO `links` VALUES(15, 'Reception', 'view_eventsales', 'true', 'Tracking', 'View Event Ticket Sales', NULL);
INSERT INTO `links` VALUES(16, 'Reception', 'upload_tickets', 'false', 'Events', 'Upload ', NULL);
INSERT INTO `links` VALUES(17, 'Admin', 'view_roles', 'true', 'Admin', 'View Roles', NULL);
INSERT INTO `links` VALUES(18, 'Reception', 'view_regions', 'false', 'Events', 'Create Tickets', NULL);
INSERT INTO `links` VALUES(19, 'Recption', 'view_regions', 'false', 'Events', 'Download Tickets', NULL);
INSERT INTO `links` VALUES(20, 'Site', 'view_sites', 'true', 'Staff', 'View Sites', NULL);
INSERT INTO `links` VALUES(22, 'Admin', 'view_inst', 'true', 'Admin', 'View Institutions', NULL);
INSERT INTO `links` VALUES(23, 'Reception', 'view_tickettype', 'true', 'Events', 'View Ticket  Types', NULL);
INSERT INTO `links` VALUES(24, 'Customer', 'view_cust', 'true', 'Staff', 'View Customers', NULL);
INSERT INTO `links` VALUES(25, 'Customer', 'view_cat', 'true', 'Staff', 'View  Category', NULL);

-- --------------------------------------------------------

--
-- Table structure for table `logs`
--

CREATE TABLE `logs` (
  `id` int(11) NOT NULL auto_increment,
  `log_type` enum('ticket_return','ticket_delete','ticket_redeem','ticket_create','ticket_batch_create') default NULL,
  `log_text_reason` varchar(255) default NULL,
  `site_id` int(11) default NULL,
  `user_action` varchar(255) default NULL,
  PRIMARY KEY  (`id`)
) ENGINE=InnoDB DEFAULT CHARSET=latin1 AUTO_INCREMENT=1 ;

--
-- Dumping data for table `logs`
--


-- --------------------------------------------------------

--
-- Table structure for table `members`
--

CREATE TABLE `members` (
  `id` int(11) NOT NULL auto_increment,
  `email` varchar(255) default NULL,
  `fname` varchar(255) default NULL,
  `lname` varchar(255) default NULL,
  `cell_number` varchar(255) default NULL,
  `cat_id` int(11) default NULL,
  `site_id` int(255) default NULL,
  PRIMARY KEY  (`id`),
  KEY `memer-fk` (`cat_id`),
  KEY `mbmer-site-fk` (`site_id`)
) ENGINE=InnoDB  DEFAULT CHARSET=latin1 AUTO_INCREMENT=2 ;

--
-- Dumping data for table `members`
--

INSERT INTO `members` VALUES(1, 'nayibor@gmail.com', 'Nuku', 'Ameyibor', '0245707630', 3, 1);

-- --------------------------------------------------------

--
-- Table structure for table `member_ticket`
--

CREATE TABLE `member_ticket` (
  `id` int(11) NOT NULL auto_increment,
  `email_member` varchar(255) default NULL,
  `ticket_id` int(11) default NULL,
  `site_id` int(11) default NULL,
  `event_id` varchar(255) default NULL,
  `del_medium` enum('both','email','text') default NULL,
  `cell_number_member` enum('') default NULL,
  PRIMARY KEY  (`id`)
) ENGINE=InnoDB DEFAULT CHARSET=latin1 COMMENT='logs for tickets sent to customer are kept here ' AUTO_INCREMENT=1 ;

--
-- Dumping data for table `member_ticket`
--


-- --------------------------------------------------------

--
-- Table structure for table `payments`
--

CREATE TABLE `payments` (
  `Id` int(10) unsigned NOT NULL auto_increment,
  `MMAcc` varchar(100) NOT NULL,
  `Total` float NOT NULL,
  `PayDate` varchar(45) NOT NULL,
  `Description` varchar(200) NOT NULL,
  `EventId` varchar(45) NOT NULL,
  `Ticket` varchar(45) NOT NULL,
  PRIMARY KEY  (`Id`)
) ENGINE=InnoDB  DEFAULT CHARSET=latin1 COMMENT='stores payments that have been made' AUTO_INCREMENT=16 ;

--
-- Dumping data for table `payments`
--

INSERT INTO `payments` VALUES(12, '18', 50, '11-Sep-13', 'ticket purchase', '18', '9e0jqt6duc9llrc1v6s507r4g4');
INSERT INTO `payments` VALUES(13, '18', 50, '11-Sep-13 8:01:05', 'newEventTester ticket purchase', '18', 'fnp5111ngup01vnocaqjmqs9q1');
INSERT INTO `payments` VALUES(14, '', 50, '11-Sep-13 8:23:03', 'newEventTester ticket purchase', '18', 'b8212fo6vrnamhe6bt09gjbet3');
INSERT INTO `payments` VALUES(15, 'aluta182004@gmail.com', 50, '11-Sep-13 8:27:07', 'newEventTester ticket purchase', '18', 'aei98tua7ohtp5jfu08i3sdu33');

-- --------------------------------------------------------

--
-- Table structure for table `roles`
--

CREATE TABLE `roles` (
  `id` int(11) NOT NULL auto_increment,
  `role_short_name` varchar(255) default NULL,
  `role_long_name` varchar(255) default NULL,
  PRIMARY KEY  (`id`)
) ENGINE=InnoDB  DEFAULT CHARSET=latin1 AUTO_INCREMENT=9 ;

--
-- Dumping data for table `roles`
--

INSERT INTO `roles` VALUES(1, 'TRA', 'Tracking');
INSERT INTO `roles` VALUES(2, 'EVE', 'Event Viewer');
INSERT INTO `roles` VALUES(3, 'ADM', 'Administrator');
INSERT INTO `roles` VALUES(4, 'SADM', 'Super Admin');
INSERT INTO `roles` VALUES(5, 'VIS', 'Visitor');
INSERT INTO `roles` VALUES(6, 'SMF', 'Stupid Mother Fucker');
INSERT INTO `roles` VALUES(7, 'WSS', 'Wee Smoker');
INSERT INTO `roles` VALUES(8, 'TST', 'toaster');

-- --------------------------------------------------------

--
-- Table structure for table `role_links`
--

CREATE TABLE `role_links` (
  `id` int(11) NOT NULL auto_increment,
  `link_id` int(11) default NULL,
  `role_id` int(11) default NULL,
  PRIMARY KEY  (`id`),
  KEY `roles-fk` (`role_id`),
  KEY `links-fk` (`link_id`)
) ENGINE=InnoDB  DEFAULT CHARSET=latin1 AUTO_INCREMENT=16 ;

--
-- Dumping data for table `role_links`
--

INSERT INTO `role_links` VALUES(1, 12, 2);
INSERT INTO `role_links` VALUES(2, 9, 2);
INSERT INTO `role_links` VALUES(3, 10, 1);
INSERT INTO `role_links` VALUES(5, 15, 1);
INSERT INTO `role_links` VALUES(6, 11, 3);
INSERT INTO `role_links` VALUES(8, 20, 3);
INSERT INTO `role_links` VALUES(9, 17, 4);
INSERT INTO `role_links` VALUES(10, 22, 4);
INSERT INTO `role_links` VALUES(11, 23, 2);
INSERT INTO `role_links` VALUES(14, 24, 3);
INSERT INTO `role_links` VALUES(15, 25, 3);

-- --------------------------------------------------------

--
-- Table structure for table `sites`
--

CREATE TABLE `sites` (
  `id` int(11) NOT NULL auto_increment,
  `site_name` varchar(255) default NULL,
  `site_key` varchar(255) default NULL,
  `site_inst_id` int(11) default NULL,
  `address` varchar(255) default NULL,
  `city` varchar(255) default NULL,
  `phone` varchar(255) default NULL,
  `fax` varchar(255) default NULL,
  `email` varchar(255) default NULL,
  `site_lock` enum('0','1') NOT NULL default '0',
  `site_desc` text,
  PRIMARY KEY  (`id`),
  KEY `inst-fk` (`site_inst_id`)
) ENGINE=InnoDB  DEFAULT CHARSET=latin1 AUTO_INCREMENT=10 ;

--
-- Dumping data for table `sites`
--

INSERT INTO `sites` VALUES(1, 'Testtt', 'ASDFASFASFSDFSFSF2345345QWASASDF', 1, NULL, 'Temat', '02457073434', '1234123', 'nayibor@gmail.com', '1', '0');
INSERT INTO `sites` VALUES(2, 'SilverBird', 'ASDFDSAFSA', 2, NULL, NULL, NULL, NULL, NULL, '0', '0');
INSERT INTO `sites` VALUES(3, 'SilverBird Nigeria', 'ADSFSAUP787564', 2, NULL, NULL, NULL, NULL, NULL, '0', '0');
INSERT INTO `sites` VALUES(4, 'STRIP CLUB', 'ADSFASDFKLJPIU34123415647', 1, NULL, 'Accra', '900908098', '090009', 'dollar@yahoo.com', '1', '0');
INSERT INTO `sites` VALUES(5, 'Dredd ', NULL, 1, NULL, 'Dreed City', '877880', '0878097870', 'dede@as.com', '0', NULL);
INSERT INTO `sites` VALUES(6, ' Default Site', NULL, 4, NULL, NULL, NULL, NULL, NULL, '0', NULL);
INSERT INTO `sites` VALUES(7, 'Defalut2 Default Site', NULL, 5, 'adsfdsa', 'asdf', 'asdf', '908098', 'nay@a.com', '0', NULL);
INSERT INTO `sites` VALUES(8, 'TESTS7777 Default Site', NULL, 7, 'ASDFDS', 'TESTE', 'TEST', '32332', '1380', '0', NULL);
INSERT INTO `sites` VALUES(9, 'Local-First Default Site', NULL, 1, 'jjj', 'fracni', '98707', '0245707630', 'fasdf@hay.com', '0', 'j');

-- --------------------------------------------------------

--
-- Table structure for table `subscribers`
--

CREATE TABLE `subscribers` (
  `Id` int(10) unsigned NOT NULL auto_increment,
  `EmailAddress` varchar(100) NOT NULL,
  `Name` varchar(200) default NULL,
  `ObjectId` int(10) unsigned default NULL,
  `SubDate` varchar(45) NOT NULL,
  PRIMARY KEY  (`Id`)
) ENGINE=InnoDB  DEFAULT CHARSET=latin1 COMMENT='stores the subscribers available' AUTO_INCREMENT=5 ;

--
-- Dumping data for table `subscribers`
--

INSERT INTO `subscribers` VALUES(1, 'aluta182004@gmail.com', 'adu', 1, '2013-05-11 22:54:14');
INSERT INTO `subscribers` VALUES(2, 'aluta182004@gmail.com', 'adu', 2, '2013-05-11 23:17:17');
INSERT INTO `subscribers` VALUES(3, 'uriosco@gmail.com', 'uriel', 1, '2013-05-15 18:50:59');
INSERT INTO `subscribers` VALUES(4, 'nayibor@gmail.com', 'nuku', 7, '2013-07-01 07:21:14');

-- --------------------------------------------------------

--
-- Table structure for table `tickets`
--

CREATE TABLE `tickets` (
  `id` int(11) NOT NULL auto_increment,
  `ticket_value` varchar(255) default NULL,
  `ticket_encrypted_value` varchar(255) default NULL,
  `ticket_redeem_status` enum('0','2','4','3','1') default '0',
  `ticket_event_id` int(11) default NULL,
  `ticket_batch_id` int(11) default NULL,
  `ritrieval_reference_number` int(11) default NULL,
  `ticket_down_status` enum('1','0') default NULL,
  `ticket_img` mediumblob COMMENT 'this is for the actual barcode ticket',
  `site_id` int(11) default NULL,
  `ticket_md5` varchar(50) default NULL,
  `unique_id_ticket` varchar(30) default NULL,
  `ticket_cdate` timestamp NULL default NULL on update CURRENT_TIMESTAMP,
  `ticket_type` int(11) default NULL,
  `ticket_email_receiver` varchar(255) default NULL,
  `ticket_text_receiver` varchar(255) default NULL,
  `ticket_text_message_status` enum('1','0') default NULL COMMENT 'check whether text message has been sent or not',
  `ticket_session_token` varchar(255) default NULL,
  `ticket_session_start` timestamp NULL default NULL,
  `ticket_session_end` timestamp NULL default NULL,
  PRIMARY KEY  (`id`),
  KEY `event_fk` (`ticket_event_id`),
  KEY `batch_fk` (`ticket_batch_id`),
  KEY `ticket-type-fk` (`ticket_type`)
) ENGINE=InnoDB  DEFAULT CHARSET=latin1 AUTO_INCREMENT=666 ;

--
-- Dumping data for table `tickets`
--

INSERT INTO `tickets` VALUES(661, '184921cd0b1a14451772dc6ce3c290ae15930c71', NULL, '2', 18, 28, NULL, NULL, 0xe280b0504e470d0a1a0a0000000d49484452000000e2809e000000e2809e01030000006bc5a011c3a400000006504c5445c3bfc3bfc3bf00000055c382c3937e000000c3ac4944415448e280b0c38de2809d4112c383300803c3b9c281c3bec3bf4b7ec2a04acb9c747ac2ad7c09e284a278c3b01e3c16c38854c2bd2d487635c391c3ac4953c2a2c2bfc39bc3acc2a439613b03c2b9c3a905c2a1c38fc3863d411504c3af484dc2bd0ac3b8c395c3be3f71c2b9377e7ac3b13f71e282acc392c3b9c39d65e2809e76e282acc2a40a2a72e2809ac39128c2ad5bc2bae2809d14c3a1c3941d2c5e1079495bc3a2c3b1664a701c49c38b64c3a5c2a4c2bee2809ac387c2a231c39113c2b103c2b4c387c2b96048c3bc46c3b4c39ac3b4c2a974670264c384c3a938c3817f4ec39c3ec39bc2b2c39dc38629594646c2a3e28093c3b27043c3a744c3aa7cc3a4c2b6212733c3937c3fc3973f27c39bc2b359c2b8e280934ac3884c124b3d35e280b9c389c5926bc38cc2bb7b1ce280a2111fe280b0c2b528c3aecb86c3abc2ae4b3e4ec2b820383ec380053935c2b7c396c3aec38ec3894e7e1fe280b9424ec39e151fc3a47dc38fc2a610c387c38a5f0000000049454e44c2ae4260e2809a, 1, '8b3f23184f0f534f46ac4e86a1090abf', '512a7f71-0310-46c4-b864-0b2ce4', '2013-09-11 08:27:06', 1, 'aluta182004@gmail.com', '0242182591', NULL, 'aei98tua7ohtp5jfu08i3sdu33', '2013-09-11 08:26:26', '2013-09-11 08:31:26');
INSERT INTO `tickets` VALUES(662, 'b98f6917a535a8b2acfdc63eb86e3cb27ad4e679', NULL, '1', 18, 28, NULL, NULL, 0xe280b0504e470d0a1a0a0000000d49484452000000e2809e000000e2809e01030000006bc5a011c3a400000006504c5445c3bfc3bfc3bf00000055c382c3937e000000c3b24944415448e280b0c38de280a2c38115c383300843c39940c3bb6fc2a90dc2a8e2809ec39dc3975c232e256e1fc3b9071530c390c2aa7fc2b3c3ae26c2aa58183726c3bac2b0c2a153c3a4c2bcc2a5c2a44974e280b0c28dc2bb220d487c4f1c1cc3811dc391e28098c3a3623d727f4f5cc3ae6bc28fc2bb784fc5bdc2a95ec3b57b4bcb86c3947ce282ace2809a2c27c2aee280a265c38f0d7043c3a44dc5bd384166c3847e5bc39ac2ade282acc593c2b82fe280a2c2a7c2a3c3943763226dc3b4c3ad05564ec39ce280982066c3a86ee2809e11693d33c2b5c5bec2ba5a106fc290e280b01237c393c5924852c5bd1ec3b0e280ba69462cc3a7c3a5360d5a39c3a9c3a9c3ac6903c5be0de284a211384d75c28107c3b7c3be5642c2a6c3965ec28f23c38ecb9cc3b424c3a8c3aec3a4093024c2b3c38e5c2a4f0c16c2a4c3afc3b07fc3bfcb8616e2809e77c39d024bc392c2ae15c5a11b62c3a8c382c3ab1a37642ac28fe28098c29d4853c3b25fc3b6015025c39ec2a639c3afc5a01c0000000049454e44c2ae4260e2809a, 1, '17c9227c60da56cc65655f7e0143835d', '512a7f72-12dc-44fc-98e3-0b2ce4', '2013-09-26 16:55:13', 1, NULL, NULL, NULL, 'd1ug34ll06ma4bsf5qcgdrds97', '2013-09-26 16:55:13', '2013-09-26 17:00:13');
INSERT INTO `tickets` VALUES(663, '2946b1b560a48f098a1d139ad20a81575dd630ba', NULL, '2', 18, 28, NULL, NULL, 0xe280b0504e470d0a1a0a0000000d49484452000000e2809e000000e2809e01030000006bc5a011c3a400000006504c5445c3bfc3bfc3bf00000055c382c3937e000000c3b14944415448e280b0c38de2809dc3891503310c42c39501c3bd77c2a90ecb86404ec39e5c075fc3a26cc5be7f503046c2aac3bac2b745c2b2c2abc3a77dc2b629e284a24f77c69240c2b7c5b85242c3afc3903cc39b0bc382c2b6c38a6b02c3bdc2a2c3aecb86201ac2a8c3a7c399c39f13c3997dc396c3a32ec39e132dc3b95e7cc2a6c3a13de284a26a241c040039e284a2044051c2906f37647ce28099c3a1e280b936e284a211197523c28f2ac39bc3ab5748c2aac28f445dc3a515e280985dc39005367232c392c2a6c39fc2a86fc2a06f484f12c39c732b33244a42c2b95508c3be1215c290e280993a656a2e702b47c38446692229c3a23e6948c3b46a03c3ae4943c382c3ad5dc3bf052b26c3b66867647dc3bb3f21c2aec2bb5d37c2b573c3a2c2a25cc2bb56604868c2bfc38ac6920de280944443c3a03bc2bac2af082cc3afc5933423e280a0c39ac5be011912394fe280ba2ee2809839c3b9c2afc3b5016973c38fc3a2c3801911180000000049454e44c2ae4260e2809a, 1, '25e496a9a49f8d9190cbd6d615a6fe91', '512a7f72-bcf4-471a-b516-0b2ce4', '2013-08-05 05:17:21', 1, NULL, NULL, NULL, ' ', NULL, NULL);
INSERT INTO `tickets` VALUES(664, '2d618f3ad09f9c813046129eb4c506aa29d76c67', NULL, '2', 18, 28, NULL, NULL, 0xe280b0504e470d0a1a0a0000000d49484452000000e2809e000000e2809e01030000006bc5a011c3a400000006504c5445c3bfc3bfc3bf00000055c382c3937e000000c3b44944415448e280b0c38de2809dc38b0dc384400843c39d01c3bd77c3a90e581b1265c2afc3b15ce2809ae2809dcb867907c384c387007cc38dc2bae280ba20e280b0c3a6c2b829c391c2a777c3a941c38e2b257d7922c3a31e102557451ce2809c72c39cc3a2193154c2a1e280a04fc3adc3af494fc2afc386c3be66c3b1c5bec398c2aa67e280a07fc3b6c5bec2b41550e280a0c3aa5a1d10c395c2a9c3a45cc2a4e2809a3327e280a65e4515c2afc38819c28107c3980e2cc384cb9c58054ec3912a1810123b77c3bfc2b7c3bd19e284a262c39b594ac3a4e280a6c593687670c397c593c3a90129c3afc5a0e2809d501202cb9c132bc3897a580d30264ac38bc2a1c2ad4f6cc38342020fc38ec2ba2ac2ac1242c3a21a316bc39bc2be0329c2b972c5a13fc381cb9cc38c25e284a2257174c38464c38e59c3afc39ec3b65d7b42c2acc3abc2bd24c2b7c3a673c2a2c5b80fc392c3ae4c4e1ac2a304c3b609c381c39638051fc290c3a93cc3b8c3883c24c39fc2b21fc390c383c2bcc3a6c38ac2a501170000000049454e44c2ae4260e2809a, 1, '03915c731708e25d9fb4c8ab23be6739', '512a7f73-b760-40cd-af5b-0b2ce4', '2013-08-05 05:17:21', 1, NULL, NULL, NULL, ' ', NULL, NULL);
INSERT INTO `tickets` VALUES(665, '1914883bf75c6cd8578dfc34a26b74b80923ed91', NULL, '2', 18, 28, NULL, NULL, 0xe280b0504e470d0a1a0a0000000d49484452000000e2809e000000e2809e01030000006bc5a011c3a400000006504c5445c3bfc3bfc3bf00000055c382c3937e000000c3b14944415448e280b0c38de2809dc391c28dc383300c43c2b501c3b7c39fe280991bc3a8443ac3aec3b537c3944fc28d02555e00c385c2a26956c3bdc39ac3aa6e16c3892ac2ba4ce280b04a12c3b3c38a654ec39a5d0bc3b3c382c3a5e2809ac38c0fc3ac5a13143cc3adc5a008c2aa2fc2be677f4f24c3b7c2b3c2bec38ec3a23dc391426bc28fc3b72923c393c2ad050a5a39c2a1c3851ac3b8c3b9544666c2bcc2b6110c19133cc2b604c2a17dc386640a697f76c39a0b722c506e0bc38644c39bc6921c30e2809cc3b6e2809a1023c398c2b4e280a235e280b939116ac3bbe280bac3b71023c2a20bc397577977c38ecb86c3b4c2a6c2a45212c394e2809ac3a8c5b816c3ad76c38ec38849c2a2c2a9c3bbc2b179462c1ac38bc2a7771ce280a211c385c3873c39023e772720c5bdc2b3e280985e49720229241ac39376c392c2a44b52372de28094c3a4c398c593e280a605c2b1c3b0c2ad74c384c3bfc3acc3af49c5b81cc2a16f0c72c3b25bc3ab0fc5be14c2b566c2bc3ac2a8e280a10000000049454e44c2ae4260e2809a, 1, 'c0aa444331c562e40923a86878413397', '512a7f73-a3d0-452e-afae-0b2ce4', '2013-08-05 05:17:21', 1, NULL, NULL, NULL, ' ', NULL, NULL);

-- --------------------------------------------------------

--
-- Table structure for table `ticket_types`
--

CREATE TABLE `ticket_types` (
  `id` int(11) NOT NULL auto_increment,
  `event_id` int(11) default NULL,
  `type_name` varchar(255) default NULL,
  `type_html` varchar(5000) default NULL,
  `site_id` int(255) default NULL,
  `ticket_cost` double default NULL,
  `allow_batch_create` enum('1','0') default NULL,
  `inst_id` int(11) default NULL,
  `ticket_code` varchar(255) default NULL,
  `click_to_buy_link` varchar(250) default NULL,
  PRIMARY KEY  (`id`),
  KEY `event_fk` (`event_id`),
  KEY `sites_fk` (`site_id`)
) ENGINE=InnoDB  DEFAULT CHARSET=latin1 AUTO_INCREMENT=4 ;

--
-- Dumping data for table `ticket_types`
--

INSERT INTO `ticket_types` VALUES(1, 18, 'VIP', '<html xmlns="http://www.w3.org/1999/xhtml" xml:lang="en" lang="en">\r\n  <head>\r\n   <meta http-equiv="Content-Type" content="text/html; charset=utf-8"/>\r\n  </head>\r\n  <body leftmargin="0" marginwidth="0" topmargin="0" marginheight="0" offset="0" bgcolor="#000000">\r\nHello {email},start{event_start},end{event_end},event{event},cell{cell}\r\n<table width="100%" cellpadding="0" cellspacing="0" class="backgroundTable" bgcolor="#000000"><tr><td valign="top" align="center" style="font-size: 12px;color: #000;line-height: 150%;font-family: trebuchet ms">\r\n<table width="550" cellpadding="0" cellspacing="0"><tr><td style="background-color: #000;border-top: 0 solid #000;border-bottom: 0 solid #FC6;text-align: right;font-size: 12px;color: #000;line-height: 150%;font-family: trebuchet ms" align="center"><span style="font-size:9px;color:#555555;line-height:200%;font-family:verdana;text-decoration:none;">Email not displaying correctly? <a href="http://envato.s3.amazonaws.com/Birthday2009/Newsletter/birthday.html" style="font-size: 9px;color: #888;line-height: 200%;font-family: verdana;text-decoration: none">View it in your browser<br/>\r\n  .</a></span></td>\r\n</tr><tr><td style="background-color: #FFF;border-top: 0 solid #FFF;border-bottom: 0 solid #333;font-size: 12px;color: #000;line-height: 150%;font-family: trebuchet ms"><center><a href="http://envato.com/birthday" style="color: #c2e327"><img src="http://envato.s3.amazonaws.com/Birthday2009/Newsletter/img/main_image.jpg" width="550" height="380" border="0" alt="Lorem ipsum"/></a>\r\n</center></td>\r\n</tr></table><table width="550" cellpadding="0" cellspacing="0" bgcolor="#FFFFFF"><tr><td bgcolor="#000000" valign="top" style="font-size: 16px;color: #818181;line-height: 140%;font-family: arial">\r\n<p align="center">To celebrate <strong style="color:#cccccc">Envato’s 3rd birthday</strong>, we’re offering a very special Birthday Bundle that packs together 37 of our favourite items worth a total of $300 and offers them to you for a <strong style="color:#cccccc">ridiculously low $20 price tag</strong>.  Included in the pack are top selling items that normally each cost more than this entire bundle!</p>\r\n<p align="center">The Birthday Bundle is available for 3 days only (Aug 19 - 21 AEST) so you’ll have to hurry!! <a href="http://envato.com/birthday" style="color: #c2e327">Click here for More Details of What''s Included!</a></p>\r\n<p> </p>\r\n<p><a href="http://envato.com/birthday" style="color: #c2e327"><img src="http://envato.s3.amazonaws.com/Birthday2009/Newsletter/img/buynow.jpg" width="550" height="225" border="0"/></a><br/><br/></p></td>\r\n</tr><tr><td style="background-color: #000;padding-top: 20px;border-top: 1px solid #333;font-size: 9px;color: #818181;line-height: 140%;font-family: arial" valign="top"><a href="http://envato.com" style="color: #c2e327"><img src="http://envato.s3.amazonaws.com/Birthday2009/Newsletter/img/envato.jpg" alt="Envato" width="91" height="22" hspace="40" border="0" align="right"/></a>This email was sent to you because you are subscribed to Envato Mail, the periodic newsletter of the Envato Marketplaces.   \r\n  <unsubscribe>To Unsubscribe from this List, Click Here </unsubscribe></td>\r\n</tr></table></td>\r\n</tr></table></body>\r\n</html>', 1, 50, '1', 1, 'A1', '');
INSERT INTO `ticket_types` VALUES(3, 18, 'pos', 'asdfasdf', 1, 50, '1', 1, 'A8', '');

-- --------------------------------------------------------

--
-- Table structure for table `transactions`
--

CREATE TABLE `transactions` (
  `Id` int(10) unsigned NOT NULL auto_increment,
  `TransAmount` float NOT NULL,
  `TransDate` varchar(45) NOT NULL,
  `Status` varchar(45) NOT NULL,
  `Institution` int(10) unsigned NOT NULL,
  `Description` varchar(200) NOT NULL,
  `EventId` varchar(45) NOT NULL,
  `TicketId` varchar(45) NOT NULL,
  PRIMARY KEY  (`Id`)
) ENGINE=InnoDB DEFAULT CHARSET=latin1 COMMENT='stores the list of transactions processed' AUTO_INCREMENT=1 ;

--
-- Dumping data for table `transactions`
--


-- --------------------------------------------------------

--
-- Table structure for table `users`
--

CREATE TABLE `users` (
  `id` int(11) NOT NULL auto_increment,
  `password` varchar(255) NOT NULL,
  `fname` varchar(255) default NULL,
  `lname` varchar(255) default NULL,
  `site_id` int(11) default NULL,
  `user_email` varchar(255) default NULL,
  `lock_status` int(11) default '0',
  `dob` timestamp NULL default NULL on update CURRENT_TIMESTAMP,
  `salt` varchar(255) default NULL,
  PRIMARY KEY  (`id`),
  KEY `site-fk` (`site_id`)
) ENGINE=InnoDB  DEFAULT CHARSET=latin1 AUTO_INCREMENT=76 ;

--
-- Dumping data for table `users`
--

INSERT INTO `users` VALUES(1, 'fe6794aa10475dbea1946a233df66fc5', 'Yao', 'Ameyiborrrr', 1, 'nayibor@gmail.com', 0, '2013-10-22 19:48:25', NULL);
INSERT INTO `users` VALUES(60, '177a07541c40f15074c2a42d6f18989c', 'Lion Faatatokp', 'vrliontt', 4, 'vlionr@qwe.com', 0, '2013-02-10 19:16:35', NULL);
INSERT INTO `users` VALUES(61, 'b6adcbf620013ddc514957f49c8af5f1', 'Gg', 'Korley', 1, 'gkorley@ecobank.com', 0, '2013-02-10 19:34:04', NULL);
INSERT INTO `users` VALUES(65, '43bae54d3710b68d382edf5f1b04a302', 'Don', 'Upper', 4, 'ruckuper@qq.com', 0, '2013-02-20 18:00:41', NULL);
INSERT INTO `users` VALUES(66, '90bba2f6cf4d5f9db4ad8ef86e9d648b', 'Tester', 'tester', 1, 'test@yahoo.ocm', 0, '2013-02-20 23:11:44', NULL);

-- --------------------------------------------------------

--
-- Table structure for table `user_roles`
--

CREATE TABLE `user_roles` (
  `id` int(11) NOT NULL auto_increment,
  `role_id` int(11) default NULL,
  `user_id` int(11) default NULL,
  PRIMARY KEY  (`id`),
  KEY `role-fk` (`role_id`)
) ENGINE=InnoDB  DEFAULT CHARSET=latin1 AUTO_INCREMENT=136 ;

--
-- Dumping data for table `user_roles`
--

INSERT INTO `user_roles` VALUES(35, 1, 58);
INSERT INTO `user_roles` VALUES(36, 3, 58);
INSERT INTO `user_roles` VALUES(37, 5, 58);
INSERT INTO `user_roles` VALUES(38, 1, 59);
INSERT INTO `user_roles` VALUES(39, 2, 59);
INSERT INTO `user_roles` VALUES(40, 4, 59);
INSERT INTO `user_roles` VALUES(104, 1, 1);
INSERT INTO `user_roles` VALUES(105, 2, 1);
INSERT INTO `user_roles` VALUES(106, 4, 1);
INSERT INTO `user_roles` VALUES(107, 5, 1);
INSERT INTO `user_roles` VALUES(108, 6, 1);
INSERT INTO `user_roles` VALUES(109, 1, 60);
INSERT INTO `user_roles` VALUES(110, 4, 60);
INSERT INTO `user_roles` VALUES(111, 5, 60);
INSERT INTO `user_roles` VALUES(112, 2, 61);
INSERT INTO `user_roles` VALUES(113, 3, 61);
INSERT INTO `user_roles` VALUES(114, 4, 61);
INSERT INTO `user_roles` VALUES(115, 6, 61);
INSERT INTO `user_roles` VALUES(116, 6, 62);
INSERT INTO `user_roles` VALUES(117, 3, 1);
INSERT INTO `user_roles` VALUES(131, 1, 66);
INSERT INTO `user_roles` VALUES(132, 2, 66);
INSERT INTO `user_roles` VALUES(133, 5, 66);
INSERT INTO `user_roles` VALUES(134, 7, 66);
INSERT INTO `user_roles` VALUES(135, 8, 66);

-- --------------------------------------------------------

--
-- Table structure for table `venues`
--

CREATE TABLE `venues` (
  `Id` int(10) unsigned NOT NULL auto_increment,
  `Venue` varchar(200) NOT NULL,
  `Location` varchar(200) NOT NULL,
  `Longitude` float NOT NULL,
  `Latitude` float NOT NULL,
  PRIMARY KEY  (`Id`)
) ENGINE=InnoDB DEFAULT CHARSET=latin1 COMMENT='stores all the venues available' AUTO_INCREMENT=1 ;

--
-- Dumping data for table `venues`
--


--
-- Constraints for dumped tables
--

--
-- Constraints for table `batches`
--
ALTER TABLE `batches`
  ADD CONSTRAINT `batch_category_fk` FOREIGN KEY (`batch_category`) REFERENCES `categories` (`id`),
  ADD CONSTRAINT `batch_event` FOREIGN KEY (`batch_event_id`) REFERENCES `events` (`id`),
  ADD CONSTRAINT `ticket_type` FOREIGN KEY (`ticketype`) REFERENCES `ticket_types` (`id`);

--
-- Constraints for table `members`
--
ALTER TABLE `members`
  ADD CONSTRAINT `mbmer-site-fk` FOREIGN KEY (`site_id`) REFERENCES `sites` (`id`),
  ADD CONSTRAINT `memer-fk` FOREIGN KEY (`cat_id`) REFERENCES `categories` (`id`);

--
-- Constraints for table `role_links`
--
ALTER TABLE `role_links`
  ADD CONSTRAINT `links-fk` FOREIGN KEY (`link_id`) REFERENCES `links` (`id`),
  ADD CONSTRAINT `roles-fk` FOREIGN KEY (`role_id`) REFERENCES `roles` (`id`);

--
-- Constraints for table `sites`
--
ALTER TABLE `sites`
  ADD CONSTRAINT `inst-fk` FOREIGN KEY (`site_inst_id`) REFERENCES `institutions` (`id`);

--
-- Constraints for table `tickets`
--
ALTER TABLE `tickets`
  ADD CONSTRAINT `batch-fk` FOREIGN KEY (`ticket_batch_id`) REFERENCES `batches` (`id`) ON DELETE CASCADE ON UPDATE CASCADE,
  ADD CONSTRAINT `event-fk` FOREIGN KEY (`ticket_event_id`) REFERENCES `events` (`id`) ON DELETE CASCADE ON UPDATE CASCADE,
  ADD CONSTRAINT `ticket-type-fk` FOREIGN KEY (`ticket_type`) REFERENCES `ticket_types` (`id`);

--
-- Constraints for table `ticket_types`
--
ALTER TABLE `ticket_types`
  ADD CONSTRAINT `event_fk` FOREIGN KEY (`event_id`) REFERENCES `events` (`id`),
  ADD CONSTRAINT `sites_fk` FOREIGN KEY (`site_id`) REFERENCES `sites` (`id`);

--
-- Constraints for table `users`
--
ALTER TABLE `users`
  ADD CONSTRAINT `site-fk` FOREIGN KEY (`site_id`) REFERENCES `sites` (`id`);

--
-- Constraints for table `user_roles`
--
ALTER TABLE `user_roles`
  ADD CONSTRAINT `role-fk` FOREIGN KEY (`role_id`) REFERENCES `roles` (`id`);
